{"cameraMode":{"drawMode":0,"name":"Shaded","section":"Shading Mode"},"sceneLighting":false,"audioPlay":false,"sceneViewState":{"showFog":true,"showMaterialUpdate":false,"showSkybox":false,"showFlares":true,"showImageEffects":true,"showParticleSystems":true},"in2DMode":false,"pivot":{"x":5.394130706787109,"y":-1.2345449924468995,"z":-0.8500747680664063},"rotation":{"x":-0.018128780648112298,"y":-0.9791377186775208,"z":0.1754540354013443,"w":-0.10110118240118027},"size":1.5713809728622437,"orthographic":false}