{"cameraMode":{"drawMode":0,"name":"Shaded","section":"Shading Mode"},"sceneLighting":false,"audioPlay":false,"sceneViewState":{"showFog":true,"showMaterialUpdate":false,"showSkybox":false,"showFlares":true,"showImageEffects":true,"showParticleSystems":true},"in2DMode":false,"pivot":{"x":-2.0199341773986818,"y":1.0900466442108155,"z":-1.718142032623291},"rotation":{"x":-0.022436976432800294,"y":0.8718964457511902,"z":-0.04107733070850372,"w":-0.48778247833251955},"size":3.1088266372680666,"orthographic":false}