{"cameraMode":{"drawMode":0,"name":"Shaded","section":"Shading Mode"},"sceneLighting":true,"audioPlay":false,"sceneViewState":{"showFog":true,"showMaterialUpdate":false,"showSkybox":true,"showFlares":true,"showImageEffects":true,"showParticleSystems":true},"in2DMode":false,"pivot":{"x":85.54429626464844,"y":43.56658935546875,"z":-51.91047668457031},"rotation":{"x":-0.16279231011867524,"y":-0.6895721554756165,"z":0.15533427894115449,"w":-0.6889525055885315},"size":186.91783142089845,"orthographic":false}