{"cameraMode":{"drawMode":0,"name":"Shaded","section":"Shading Mode"},"sceneLighting":false,"audioPlay":false,"sceneViewState":{"showFog":true,"showMaterialUpdate":false,"showSkybox":false,"showFlares":true,"showImageEffects":true,"showParticleSystems":true},"in2DMode":false,"pivot":{"x":-2.4863836765289308,"y":-0.49060821533203127,"z":0.7560914754867554},"rotation":{"x":0.3129338324069977,"y":0.6733396053314209,"z":-0.5534364581108093,"w":0.37802422046661379},"size":8.507806777954102,"orthographic":false}