{"cameraMode":{"drawMode":0,"name":"Shaded","section":"Shading Mode"},"sceneLighting":false,"audioPlay":false,"sceneViewState":{"showFog":true,"showMaterialUpdate":false,"showSkybox":false,"showFlares":true,"showImageEffects":true,"showParticleSystems":true},"in2DMode":false,"pivot":{"x":14.32600212097168,"y":-6.3600006103515629,"z":-4.76837158203125e-7},"rotation":{"x":-0.02184557542204857,"y":-0.9611079692840576,"z":0.2676777243614197,"w":-0.06894982606172562},"size":12.828166961669922,"orthographic":false}