{"cameraMode":{"drawMode":0,"name":"Shaded","section":"Shading Mode"},"sceneLighting":false,"audioPlay":false,"sceneViewState":{"showFog":true,"showMaterialUpdate":false,"showSkybox":false,"showFlares":true,"showImageEffects":true,"showParticleSystems":true},"in2DMode":false,"pivot":{"x":0.27231451869010928,"y":1.5052738189697266,"z":0.10546169430017472},"rotation":{"x":-0.15327152609825135,"y":-0.6803173422813416,"z":0.14191226661205293,"w":-0.7030366659164429},"size":1.2377500534057618,"orthographic":false}