{"cameraMode":{"drawMode":0,"name":"Shaded","section":"Shading Mode"},"sceneLighting":false,"audioPlay":false,"sceneViewState":{"showFog":true,"showMaterialUpdate":false,"showSkybox":false,"showFlares":true,"showImageEffects":true,"showParticleSystems":true},"in2DMode":false,"pivot":{"x":-0.07247519493103028,"y":0.544400691986084,"z":1.015238881111145},"rotation":{"x":0.15656930208206178,"y":-0.71388179063797,"z":0.17551420629024507,"w":0.6601199507713318},"size":1.9330127239227296,"orthographic":false}